{
  "BTCUSDT": 172.0302,
  "ETHUSDT": 101.93924,
  "BNBUSDT": 101.34176000000001,
  "SOLUSDT": 175.0,
  "ADAUSDT": 99.9,
  "DOGEUSDT": 100.084,
  "LTCUSDT": 100.048,
  "DOTUSDT": 100.0,
  "XRPUSDT": 100.176,
  "AVAXUSDT": 110.0,
  "LINKUSDT": 100.1233,
  "ATOMUSDT": 100.02356999999999
}