{
  "signal": -1,
  "confidence": 70.0,
  "position_size_factor": 0.7,
  "rsi_analysis": {},
  "trend_analysis": {
    "15m": {
      "trend": -2,
      "ema20": 42074.737500000076,
      "ema50": 42074.73750000018,
      "ema200": 42077.03896823742,
      "close": 42074.7375,
      "weight": 0.15
    },
    "1h": {
      "trend": -2,
      "ema20": 42074.737500000076,
      "ema50": 42074.73750000018,
      "ema200": 42077.03896823742,
      "close": 42074.7375,
      "weight": 0.25
    },
    "4h": {
      "trend": -2,
      "ema20": 42074.737500000076,
      "ema50": 42074.73750000018,
      "ema200": 42077.03896823742,
      "close": 42074.7375,
      "weight": 0.3
    },
    "1d": {
      "trend": -2,
      "ema20": 42074.737500000076,
      "ema50": 42074.73750000018,
      "ema200": 42077.03896823742,
      "close": 42074.7375,
      "weight": 0.4
    }
  },
  "raw_signal": -0.7,
  "signal_description": "T\u00edn hi\u1ec7u B\u00c1N m\u1ea1nh",
  "summary": "T\u00edn hi\u1ec7u B\u00c1N m\u1ea1nh v\u1edbi \u0111\u1ed9 tin c\u1eady 70.0% (H\u1ec7 s\u1ed1 v\u1ecb th\u1ebf: 0.70)"
}