{
    "config": {
        "risk_levels": {
            "ultra_conservative": 0.03,
            "conservative": 0.05,
            "moderate": 0.07,
            "aggressive": 0.09,
            "high_risk": 0.15,
            "extreme_risk": 0.2,
            "ultra_high_risk": 0.25
        },
        "initial_allocation": {
            "ultra_conservative": 0.2,
            "conservative": 0.2,
            "moderate": 0.2,
            "aggressive": 0.2,
            "high_risk": 0.15,
            "extreme_risk": 0.05,
            "ultra_high_risk": 0.0
        },
        "performance_weight": 0.4,
        "risk_weight": 0.3,
        "stability_weight": 0.3,
        "reallocation_period": 7,
        "max_allocation_change": 0.1,
        "drawdown_limit": {
            "ultra_conservative": 0.05,
            "conservative": 0.08,
            "moderate": 0.12,
            "aggressive": 0.15,
            "high_risk": 0.2,
            "extreme_risk": 0.25,
            "ultra_high_risk": 0.3
        }
    },
    "performance": {
        "ultra_conservative": {
            "daily_returns": [
                0.01209605698361348,
                0.01242092167498349,
                0.00943009860098436,
                0.011229068439416156,
                0.010779233572097435,
                0.010034987620034774,
                0.01136122206113411,
                0.009384351813564718,
                0.010492938972132833,
                0.010064552051103196,
                0.0006505120899151451,
                -0.0005382132308385614,
                -0.0014552884852077376,
                0.0017435609829592005,
                9.204221956429602e-06,
                0.0007272915422661691,
                0.00010841437789384758,
                0.0013534794588361933,
                -0.001782965385235239,
                0.0008524663751433269,
                -0.011227048078475044,
                -0.013084547935701131,
                -0.011148313032041583,
                -0.010555498475509057,
                -0.011794465739203444,
                -0.01050738010115677,
                -0.012785070997673335,
                -0.013317816669623037,
                -0.012560628923441359,
                -0.010235437537558116
            ],
            "drawdown": 0.06658908334811518,
            "volatility": 0.009231737983397928,
            "score": 1.0
        },
        "conservative": {
            "daily_returns": [
                0.012223471397657632,
                0.011561051228130096,
                0.011375424941518055,
                0.012635056409375848,
                0.011916612500413447,
                0.012917727190009512,
                0.011897792608821423,
                0.01314816793878959,
                0.011881575248297572,
                0.014125051644788396,
                0.0046141096993979076,
                0.0002752823296065069,
                -0.0015052711307536096,
                -0.0021061592816320573,
                -0.0007037614001254407,
                0.00565855770363159,
                0.0073897263374558585,
                0.0023730958411291407,
                -0.0016988931888083157,
                -0.0027582727027014096,
                -0.009885714491435145,
                -0.011456116868766205,
                -0.013928702836052737,
                -0.010182808841985193,
                -0.01400747232871498,
                -0.012473996216244187,
                -0.01153505516951363,
                -0.013393029904134043,
                -0.012192549788108945,
                -0.015255338735914182
            ],
            "drawdown": 0.0762766936795709,
            "volatility": 0.010385488999310907,
            "score": 1.0
        },
        "moderate": {
            "daily_returns": [
                0.015313527906681942,
                0.015019168122040703,
                0.010664072863063614,
                0.009510705078602322,
                0.01181522148575769,
                0.00801292365313663,
                0.009360138426971205,
                0.012421769614834315,
                0.014427537607929981,
                0.017297472079998308,
                -0.00015046936426179648,
                -0.008347789441323751,
                0.003844688894348712,
                -0.0013761810157106268,
                -0.005944557116611741,
                0.0007332268138937237,
                -0.0008079160520807147,
                -0.003819427310137904,
                0.0004185357333680932,
                0.006509724501073667,
                -0.01800095305677144,
                -0.01266844291494708,
                -0.008275831368794683,
                -0.015797910491384792,
                -0.015990640402951468,
                -0.009430104583959514,
                -0.014125695798912385,
                -0.01110208337589428,
                -0.013337015588351202,
                -0.016125910111762346
            ],
            "drawdown": 0.09000476528385719,
            "volatility": 0.011093601422705664,
            "score": 1.0
        },
        "aggressive": {
            "daily_returns": [
                0.01998290748306889,
                0.012831696305875134,
                0.015631290397342984,
                0.012540222191709341,
                0.021168201464232175,
                0.00971853022396565,
                0.011908560849779048,
                0.012063080798898548,
                0.01801196245764049,
                0.014240763562310797,
                0.008449075741395633,
                -0.0011862281943225642,
                0.0017752559921622958,
                -0.002117384026913651,
                -0.0022714847429329385,
                0.0013907721099029274,
                0.001628355648601507,
                0.007575089279054935,
                -0.0027187685322274755,
                -0.00422956777861568,
                -0.013835318109283705,
                -0.013598225738754844,
                -0.012794201484717565,
                -0.01103184593472044,
                -0.017436917025875576,
                -0.015452764599656641,
                -0.011929598221268468,
                -0.013729262521131266,
                -0.01861469307219024,
                -0.012645873038048823
            ],
            "drawdown": 0.09307346536095121,
            "volatility": 0.012287481240476471,
            "score": 1.0
        },
        "high_risk": {
            "daily_returns": [
                0.016095079751659986,
                0.01470562147857846,
                0.012051855546872737,
                0.018165535538259198,
                0.0174190166515724,
                0.018681167415214743,
                0.014736167374241277,
                0.02117005773304521,
                0.014624954572928263,
                0.023521197387352148,
                -0.0235777059368077,
                0.0032140131436057175,
                -0.004767841833903349,
                -0.013171634533189066,
                -0.003084430648740925,
                -0.0006700132418955048,
                -0.0003124059273471898,
                -0.012616659565130526,
                -0.013955970879595193,
                -0.00289855364585108,
                -0.01594070323450946,
                -0.015421310743018148,
                -0.02464782098321589,
                -0.015023314438381011,
                -0.017962610256484626,
                -0.001178985000462287,
                -0.014660574252558733,
                -0.02497443267227193,
                -0.015353275837910301,
                -0.01441728429452675
            ],
            "drawdown": 0.12487216336135964,
            "volatility": 0.015254177575227902,
            "score": 1.0
        },