{
    "multi_risk": {
        "0.10": {
            "strategy": "multi_risk",
            "risk_level": 0.1,
            "initial_balance": 10000,
            "final_balance": 10003.288663055693,
            "profit_loss": 3.2886630556931777,
            "profit_loss_pct": 0.03288663055693178,
            "max_drawdown": 0.03946648335295322,
            "max_drawdown_pct": 0.0003945490654610044,
            "total_trades": 119,
            "winning_trades": 113,
            "losing_trades": 6,
            "win_rate": 94.9579831932773,
            "profit_factor": 24.278798272971684,
            "market_condition_performance": {
                "NEUTRAL": {
                    "trades": 5,
                    "win_rate": 100.0,
                    "avg_profit": 0.028588969149087352
                },
                "SIDEWAYS": {
                    "trades": 62,
                    "win_rate": 91.93548387096774,
                    "avg_profit": 0.021640137592675367
                },
                "BULL": {
                    "trades": 47,
                    "win_rate": 100.0,
                    "avg_profit": 0.0365346978486072
                },
                "VOLATILE": {
                    "trades": 5,
                    "win_rate": 80.0,
                    "avg_profit": 0.01737977606514605
                }
            },
            "market_type_counts": {}
        },
        "0.15": {
            "strategy": "multi_risk",
            "risk_level": 0.15,
            "initial_balance": 10000,
            "final_balance": 10006.91738304369,
            "profit_loss": 6.917383043690279,
            "profit_loss_pct": 0.0691738304369028,
            "max_drawdown": 0.0671012122566026,
            "max_drawdown_pct": 0.0006705725874372763,
            "total_trades": 117,
            "winning_trades": 107,
            "losing_trades": 10,
            "win_rate": 91.45299145299145,
            "profit_factor": 20.170002460484238,
            "market_condition_performance": {
                "NEUTRAL": {
                    "trades": 5,
                    "win_rate": 100.0,
                    "avg_profit": 0.05995697579828506
                },
                "SIDEWAYS": {
                    "trades": 64,
                    "win_rate": 87.5,
                    "avg_profit": 0.04849813295267269
                },
                "BULL": {
                    "trades": 43,
                    "win_rate": 97.67441860465115,
                    "avg_profit": 0.07767112730645348
                },
                "VOLATILE": {
                    "trades": 5,
                    "win_rate": 80.0,
                    "avg_profit": 0.03477183631172007
                }
            },
            "market_type_counts": {}
        },
        "0.20": {
            "strategy": "multi_risk",
            "risk_level": 0.2,
            "initial_balance": 10000,
            "final_balance": 10008.941974479898,
            "profit_loss": 8.941974479897908,
            "profit_loss_pct": 0.08941974479897907,
            "max_drawdown": 0.1863753561210615,
            "max_drawdown_pct": 0.0018626725285642762,
            "total_trades": 91,
            "winning_trades": 68,
            "losing_trades": 23,
            "win_rate": 74.72527472527473,
            "profit_factor": 8.476144767751737,
            "market_condition_performance": {
                "NEUTRAL": {
                    "trades": 4,
                    "win_rate": 75.0,
                    "avg_profit": 0.08258005292140366
                },
                "SIDEWAYS": {
                    "trades": 49,
                    "win_rate": 65.3061224489796,
                    "avg_profit": 0.06739798556538033
                },
                "BULL": {
                    "trades": 33,
                    "win_rate": 87.87878787878788,
                    "avg_profit": 0.14899652275831193
                },
                "VOLATILE": {
                    "trades": 5,
                    "win_rate": 80.0,
                    "avg_profit": 0.07845354489912026
                }
            },
            "market_type_counts": {}
        },
        "0.25": {
            "strategy": "multi_risk",
            "risk_level": 0.25,
            "initial_balance": 10000,
            "final_balance": 10006.94827430317,
            "profit_loss": 6.948274303169455,
            "profit_loss_pct": 0.06948274303169455,
            "max_drawdown": 0.5815100765867101,
            "max_drawdown_pct": 0.005814296761296155,
            "total_trades": 55,
            "winning_trades": 35,
            "losing_trades": 20,
            "win_rate": 63.63636363636363,
            "profit_factor": 4.59787697945078,
            "market_condition_performance": {
                "NEUTRAL": {
                    "trades": 2,
                    "win_rate": 50.0,
                    "avg_profit": 0.08230832079173395
                },
                "SIDEWAYS": {
                    "trades": 29,
                    "win_rate": 51.724137931034484,
                    "avg_profit": 0.06626286266214211
                },
                "BULL": {
                    "trades": 21,
                    "win_rate": 76.19047619047619,
                    "avg_profit": 0.20818798955815074
                },
                "VOLATILE": {
                    "trades": 3,
                    "win_rate": 100.0,
                    "avg_profit": 0.16336228788873497
                }
            },
            "market_type_counts": {}
        }
    },
    "sideways": {
        "0.10": {
            "strategy": "sideways",
            "risk_level": 0.1,
            "initial_balance": 10000,
            "final_balance": 10010.266020611827,
            "profit_loss": 10.266020611827116,
            "profit_loss_pct": 0.10266020611827116,
            "max_drawdown": 0,
            "max_drawdown_pct": 0,
            "total_trades": 177,
            "winning_trades": 177,
            "losing_trades": 0,
            "win_rate": 100.0,
            "profit_factor": Infinity,
            "market_condition_performance": {
                "SIDEWAYS": {
                    "trades": 177,
                    "win_rate": 100.0,
                    "avg_profit": 0.05800011645102975
                }
            },
            "market_type_counts": {}
        },
        "0.15": {
            "strategy": "sideways",
            "risk_level": 0.15,
            "initial_balance": 10000,
            "final_balance": 10018.227974609796,
            "profit_loss": 18.227974609795638,
            "profit_loss_pct": 0.18227974609795636,
            "max_drawdown": 0,
            "max_drawdown_pct": 0,
            "total_trades": 163,
            "winning_trades": 163,
            "losing_trades": 0,
            "win_rate": 100.0,
            "profit_factor": Infinity,
            "market_condition_performance": {
                "SIDEWAYS": {
                    "trades": 163,
                    "win_rate": 100.0,
                    "avg_profit": 0.11182806509080195
                }
            },
            "market_type_counts": {}
        },
        "0.20": {
            "strategy": "sideways",
            "risk_level": 0.2,
            "initial_balance": 10000,
            "final_balance": 10025.2412457079,
            "profit_loss": 25.241245707900816,
            "profit_loss_pct": 0.25241245707900817,
            "max_drawdown": 0,
            "max_drawdown_pct": 0,
            "total_trades": 142,
            "winning_trades": 142,
            "losing_trades": 0,
            "win_rate": 100.0,
            "profit_factor": Infinity,
            "market_condition_performance": {
                "SIDEWAYS": {
                    "trades": 142,
                    "win_rate": 100.0,
                    "avg_profit": 0.1777552514640246
                }
            },
            "market_type_counts": {}
        },