Period,Accuracy,Precision,Recall,F1-Score
1_month,0.5904761904761905,0.5972222222222223,0.5956632653061225,0.5898810064492688
1m,0.0,0.0,0.0,0.0
3_months,0.5534351145038168,0.5545887571235787,0.5542227979274612,0.5528953080211378
3m,0.0,0.0,0.0,0.0
