Prediction Days,Accuracy,Precision,Recall,F1-Score
0,0.0,0.0,0.0,0.0
1,0.5657821398279413,0.5687999121564599,0.5680362870536816,0.5652238741638481
