{
  "support_levels": [
    0.797129,
    0.803075,
    0.809021,
    0.826859,
    0.8504236666666666,
    0.856589,
    0.862535,
    0.8684810000000001
  ],
  "resistance_levels": [
    0.9048775000000001,
    0.921995,
    0.927941,
    0.9394002857142858,
    0.9521247500000001,
    0.957671,
    0.9636170000000001,
    0.9695630000000001,
    0.9755090000000001,
    0.9814550000000001,
    0.9874010000000001,
    0.9933470000000001,
    0.9992930000000001,
    1.005239,
    1.0111850000000002,
    1.040915
  ],
  "poc": 0.9079515,
  "value_area": {
    "high": 0.9525245,
    "low": 0.8495455000000001
  }
}