{
  "support_levels": [
    4.06089,
    4.181885454545455
  ],
  "resistance_levels": [
    4.267005999999999,
    4.383355000000001,
    4.503279999999999,
    4.56724,
    4.641859999999999
  ],
  "poc": 4.27685,
  "value_area": {
    "high": 4.412890000000001,
    "low": 4.21957
  }
}