{
  "support_levels": [
    20.05031363636364,
    20.5042
  ],
  "resistance_levels": [
    21.136087931034478,
    21.932657692307696,
    22.1998
  ],
  "poc": 21.108,
  "value_area": {
    "high": 22.032799999999998,
    "low": 20.2648
  }
}