{
  "support_levels": [
    564.0251000000001,
    570.6386,
    596.8319592105263
  ],
  "resistance_levels": [
    605.7170363636365
  ],
  "poc": 600.2371499999999,
  "value_area": {
    "high": 605.5876499999999,
    "low": 590.96295
  }
}