{
  "support_levels": [
    79842.06999999998,
    82152.75399999999,
    83056.58475,
    83702.28624999999,
    84483.22933333334,
    85254.27674999999
  ],
  "resistance_levels": [
    86039.06466666666,
    86774.12199999999,
    87544.34999999998,
    88314.57799999998,
    89084.80599999998,
    92165.718,
    94476.40199999997,
    95246.62999999998,
    96016.85799999998,
    96787.08599999998
  ],
  "poc": 84753.7125,
  "value_area": {
    "high": 85796.0625,
    "low": 83711.36249999999
  }
}