{
  "support_levels": [],
  "resistance_levels": [
    55583.10445587696,
    57032.89238796686,
    59185.92845554829,
    60425.90429926421,
    64571.92856349455,
    66350.23333035139,
    78887.76686125682,
    107287.84130620866,
    115770.80523651544,
    118315.69441560746,
    119163.99080863813,
    120012.2872016688,
    120860.58359469949,
    121708.87998773018,
    122557.17638076085,
    123405.47277379152,
    124253.7691668222,
    125102.06555985287,
    125950.36195288354,
    126798.65834591423,
    127646.95473894491,
    128495.25113197559
  ],
  "poc": 64559.15711165061,
  "value_area": {
    "high": 78887.76686125682,
    "low": 55466.00092440052
  }
}