{
  "support_levels": [
    0.18548160000000002,
    0.192152,
    0.197692
  ],
  "resistance_levels": [
    0.2056633038461538,
    0.21407900000000002,
    0.22853600000000002
  ],
  "poc": 0.201459,
  "value_area": {
    "high": 0.213969,
    "low": 0.19645500000000002
  }
}