{
  "support_levels": [
    4.220445,
    4.294425,
    4.3970025
  ],
  "resistance_levels": [
    4.4865464062500005,
    4.64583,
    4.688985000000001,
    5.120535
  ],
  "poc": 4.43239,
  "value_area": {
    "high": 4.56019,
    "low": 4.36423
  }
}