{
  "support_levels": [
    2066.0818,
    2175.6577,
    2197.915,
    2211.2751
  ],
  "resistance_levels": [
    2225.6590499999998,
    2257.16675,
    2329.7482,
    2461.5814,
    2593.4146,
    2725.2478,
    2857.081
  ],
  "poc": 2231.13865,
  "value_area": {
    "high": 2257.16675,
    "low": 2173.60285
  }
}