{
  "support_levels": [
    13.7685,
    14.7783,
    16.293000000000003,
    16.556849999999997
  ],
  "resistance_levels": [
    17.060100000000002,
    17.389450000000004
  ],
  "poc": 16.91885,
  "value_area": {
    "high": 17.389450000000004,
    "low": 16.556849999999997
  }
}