{
  "support_levels": [
    100.99207142857142
  ],
  "resistance_levels": [
    104.16664743589743,
    108.70802499999999,
    125.99555000000002,
    128.59045
  ],
  "poc": 103.428,
  "value_area": {
    "high": 108.75999999999999,
    "low": 100.7
  }
}