{
  "support_levels": [
    134.2538,
    136.68200000000002,
    141.38824285714284
  ],
  "resistance_levels": [
    144.82235000000003,
    149.03046250000003,
    150.66750000000002,
    151.7391,
    172.0258
  ],
  "poc": 149.0601,
  "value_area": {
    "high": 151.7391,
    "low": 140.4873
  }
}