{
  "support_levels": [],
  "resistance_levels": [],
  "poc": 64559.15711165061,
  "value_area": {
    "high": 78887.76686125682,
    "low": 55466.00092440052
  }
}