{
  "support_levels": [
    6.7135,
    6.78168,
    7.081423076923077
  ],
  "resistance_levels": [
    7.161157031250001,
    7.437315789473684,
    7.629059999999999
  ],
  "poc": 7.140965,
  "value_area": {
    "high": 7.526465,
    "low": 7.056155
  }
}