{
  "support_levels": [
    2.1344000000000003,
    2.37544,
    2.4702053333333334
  ],
  "resistance_levels": [
    2.51168,
    2.5946881600000005,
    2.63744,
    2.87848
  ],
  "poc": 2.579362,
  "value_area": {
    "high": 2.6229459999999998,
    "low": 2.470402
  }
}