{
  "levels": [
    78201.18748886262,
    67862.99898494598,
    67119.14900336348,
    80480.43437670477,
    53719.80815359141,
    78891.51476688038,
    76152.13591131754,
    74401.80450781102,
    63141.61163306841,
    79202.3783697087,
    65289.865679604096,
    78081.70097168985,
    80131.45865220978,
    73508.65846626069,
    69831.74026447634,
    74479.6536785024,
    76239.7524421021,
    53606.26845194089,
    66376.9240418836,
    60739.174017309255
  ],
  "volumes": [
    4403.5855352190865,
    4171.001119323224,
    19282.03932883869,
    4530.856010741571,
    5950.537997438637,
    7962.557765331731,
    8253.278594462843,
    4865.982954688657,
    1440.1993927521587,
    10558.36041675718,
    7325.684623842417,
    1603.6899989127724,
    2413.653870024229,
    11630.518998267575,
    8565.219548113693,
    2329.266738191729,
    3647.8337977798196,
    4147.107674805045,
    8831.461353765064,
    16609.666186793445
  ]
}