{
    "original": {
        "win_rate": 56.00000000000001,
        "profit_factor": 2.7877544876970193,
        "net_profit": 112.09879879992653,
        "total_trades": 300
    },
    "improved": {
        "win_rate": 69.00584795321637,
        "profit_factor": 9.15374356671073,
        "net_profit": 7094.61641828359,
        "total_trades": 171,
        "filtered_signals": 129,
        "filter_rate": 43.0
    },
    "comparison": {
        "win_rate_change": 13.005847953216367,
        "profit_factor_change": 6.365989079013711,
        "net_profit_change": 6982.517619483663
    },
    "timestamp": "2025-03-16 06:09:38"
}